YEAR,METHOD,sMAPE
NA,naive,14.20792029526116
NA,seasonal_naive,14.657411714571257
NA,naive2,13.564071418072038
NA,ses,13.088398515326086
1957,holt,13.836293806866781
1985,holt_damped,12.653674723425167
2000,theta_classic,12.311714710048076
1990,combined,12.566397034693509
